{
    "name": "Product Detail Layout",
    "description": "Product Detail Layout",
    "group": "dynamic",
    "attribute_definition_groups": [
        {
            "id": "productDetail",
            "name": "Product Detail Settings",
            "description": "Product Detail Settings",
            "attribute_definitions": [
              {
                "id": "product",
                "name": "Product",
                "type": "product",
                "required": true,
                "dynamic_lookup":{
                    "aspect_attribute_alias": "product"
                }
              }
            ]
          }
    ],
    "region_definitions": [
      {
        "id": "productDetail",
        "name": "Product Detail Region",
        "component_type_exclusions": []
      }
    ]
}
