{
    "name": "2 Row x 1 Col (Mobile), 1 Row x 2 Col (Desktop)",
    "description": "This is a layout component of 2 row by 1 column for mobile and 1 row by 2 columns for desktop/tablet.",
    "group": "commerce_layouts",
    "attribute_definition_groups": [],
    "region_definitions": [
        {
            "id":"column1",
            "name":"Column 1",
            "component_type_exclusions": []
        },
        {
            "id":"column2",
            "name":"Column 2",
            "component_type_exclusions": []
        }
    ]
}
