{
    "name": "Popular Categories Layout",
    "description": "popular categories displayed with a circular image",
    "group": "commerce_layouts",
    "attribute_definition_groups": [
        {
            "id": "heading",
            "name": "Heading Text",
            "description": "Specify the heading to be displayed above the category images",
            "attribute_definitions": [
                {
                    "id": "textHeadline",
                    "name": "Heading",
                    "type": "string",
                    "required": false
                }
            ]
        }
    ],
    "region_definitions": [
    {
      "id":"categories",
      "name":"categories",
      "component_type_exclusions": [
        { "type_id": "commerce_layouts.carousel" },
        { "type_id": "commerce_layouts.mobileGrid1r1c" },
        { "type_id": "commerce_layouts.mobileGrid2r1c" },
        { "type_id": "commerce_layouts.mobileGrid2r2c" },
        { "type_id": "commerce_layouts.mobileGrid3r1c" },
        { "type_id": "commerce_layouts.mobileGrid2r3c" },
        { "type_id": "commerce_layouts.mobileGrid3r2c" },
        { "type_id": "einstein.einsteinCarousel" },
        { "type_id": "einstein.einsteinCarouselCategory" },
        { "type_id": "einstein.einsteinCarouselProduct" },
        { "type_id": "commerce_layouts.popularCategories" },
        { "type_id": "commerce_layouts.mobileGridLookBook" }
      ]
    }
    ]
}
