{
    "name": "Round Category Tile with Caption",
    "description": "Round Category Tile displayed with a circular image.",
    "group": "commerce_assets",
    "attribute_definition_groups": [
        {
            "id": "popularCategory",
            "name": "Popular Category",
            "description": "Specify the popular Category to be Displayed.",
            "attribute_definitions": [
                {
                    "id": "category",
                    "name": "Category",
                    "description": "Select Category to be displayed.",
                    "type": "category",
                    "required": true
                },
                {
                    "id": "catDisplayName",
                    "name": "Custom Display Name",
                    "description": "Overwrite the category name if needed.",
                    "type": "string",
                    "required": false
                },
                {
                   "id": "image",
                   "name": "Image",
                   "type": "image",
                   "required": false
                },             {
                    "id": "imagesize",
                    "name": "image size",
                    "description": "Style used in this field if the image needs to be sized up or down.  example '300px 100px'",
                    "type": "string",
                    "required": false
                },                {
                    "id": "offset",
                    "name": "offset",
                    "description": "How the image should be offset. example '5em 5em'",
                    "type": "string",
                    "required": false
                }
            ]
        }
    ],
    "region_definitions": []
}
